{
    "Converg": {
        "Spat_Conv_o1": {
            "param": [
                96,
                128,
                160,
                192,
                256
            ],
            "err": [
                1.787445802343138,
                1.1816412364685485,
                0.872974280254269,
                0.6906717387485821,
                0.4879334628386413
            ]
        },
        "Spat_Conv_o2": {
            "param": [
                32,
                48,
                64,
                80,
                96
            ],
            "err": [
                1.0112559262583418,
                0.3767917256460747,
                0.20135189281578356,
                0.1265977420501398,
                0.08729066077391863
            ]
        },
        "Spat_Conv_o3": {
            "param": [
                16,
                24,
                32,
                40,
                48
            ],
            "err": [
                1.5052325419763142,
                0.4308551810690626,
                0.18826401193998885,
                0.09619300405151845,
                0.055328306539304
            ]
        }
    }
}