{
    "Converg": {
        "Spat_Conv_o1": {
            "param": [
                96,
                128,
                160,
                192,
                256
            ],
            "err": [
                1.8075641367858677,
                1.1938994409564396,
                0.8805911701484045,
                0.6956320028987727,
                0.49030738173138183
            ]
        },
        "Spat_Conv_o2": {
            "param": [
                32,
                48,
                64,
                80,
                96
            ],
            "err": [
                1.0185222576044441,
                0.3783993170662426,
                0.20162022285392223,
                0.1266238897795354,
                0.08727364061848206
            ]
        },
        "Spat_Conv_o3": {
            "param": [
                16,
                24,
                32,
                40,
                48
            ],
            "err": [
                1.5025395500903302,
                0.4294374520952579,
                0.1877372487225037,
                0.09594210167583564,
                0.05521483137622237
            ]
        }
    }
}