{
    "Converg": {
        "Temp_Conv_o2": {
            "param": [
                4,
                8,
                9,
                10,
                12
            ],
            "err": [
                0.18420821743209967,
                0.015305102068043482,
                0.010240843388927756,
                0.007453761245412909,
                0.004351290579705388
            ]
        },
        "Temp_Conv_o3": {
            "param": [
                2,
                3,
                4,
                6,
                10
            ],
            "err": [
                0.37689528562867347,
                0.08126860531066535,
                0.023434584157261816,
                0.004963261100054094,
                0.0006758580323244968
            ]
        },
        "Temp_Conv_o4": {
            "param": [
                3,
                4,
                5,
                6
            ],
            "err": [
                0.02851402364117985,
                0.007873599285781201,
                0.0024563974640990707,
                0.0009701860492232288
            ]
        }
    }
}