{
    "Converg": {
        "Temp_Conv_o2": {
            "param": [
                60,
                70,
                80,
                90,
                100
            ],
            "err": [
                3.9294781420679486e-05,
                2.4273646598592932e-05,
                1.6014127583018568e-05,
                1.1114006452354664e-05,
                8.021940520327159e-06
            ]
        },
        "Temp_Conv_o3": {
            "param": [
                20,
                25,
                30,
                35,
                40
            ],
            "err": [
                3.493242331407938e-05,
                1.4194215013685926e-05,
                6.811215361537173e-06,
                3.6646506184053223e-06,
                2.1434348711862287e-06
            ]
        },
        "Temp_Conv_o4": {
            "param": [
                8,
                12,
                14,
                16,
                20
            ],
            "err": [
                0.00012526048898336585,
                1.541664019885371e-05,
                6.985414144235059e-06,
                3.5321443381076657e-06,
                1.1384353578149622e-06
            ]
        }
    }
}