{
    "Converg": {
        "Spat_Conv_o1": {
            "param": [
                1600,
                2400,
                3200,
                4000,
                4800
            ],
            "err": [
                0.10764218021672865,
                0.06933051409528587,
                0.051341832977582366,
                0.04082788325468292,
                0.033911466580548444
            ]
        },
        "Spat_Conv_o2": {
            "param": [
                240,
                360,
                480,
                600,
                720
            ],
            "err": [
                0.08196796732581814,
                0.03473817823200816,
                0.019360689890292236,
                0.01235944738756127,
                0.00857614065899361
            ]
        },
        "Spat_Conv_o3": {
            "param": [
                120,
                180,
                240,
                300,
                360
            ],
            "err": [
                0.042711896156879606,
                0.011609101890627832,
                0.004731192636114832,
                0.0023578463841378927,
                0.0013410367983650814
            ]
        }
    }
}